Generation,Population,Avg_Age,Births,Deaths,Avg_Vision,Avg_Speed,Avg_Metabolism,Avg_Memory,Var_Vision,Var_Speed,Var_Metabolism,Var_Memory,Avg_Fitness,Disaster
1,100,0.033333333,0,0,1.015866821,1.06014681,0.993602943,1.115177082,0.041369855,0.038833151,0.030195331,0.055023353,0.428231516,N/A
2,128,9.401041667,28,0,1.030888741,1.044570991,0.987974297,1.098229759,0.042811499,0.040511611,0.029519708,0.051766689,0.428309319,N/A
3,179,17.36573557,51,0,1.030734372,1.051048966,0.959412798,1.113998855,0.041292283,0.040694974,0.030112978,0.051401896,0.444130298,N/A
4,163,18.65787321,55,71,1.03457089,1.028620176,0.917234572,1.108484314,0.042796771,0.040592287,0.025085593,0.04793202,0.461048966,N/A
5,168,19.39900794,52,47,1.040088168,1.015253229,0.862800951,1.103462204,0.04460739,0.039944621,0.020298774,0.043558387,0.488147137,N/A
6,154,17.62965368,56,70,1.040377266,1.017049748,0.825653334,1.077158031,0.044727669,0.038356944,0.015387548,0.042902899,0.506198734,N/A
7,163,16.52842536,65,56,1.054880724,1.029362167,0.811081336,1.083179743,0.04305559,0.038356872,0.013136464,0.040860436,0.520691328,N/A
8,191,16.72705061,77,49,1.063874048,1.049111639,0.798719396,1.073621162,0.039912637,0.037168567,0.010642356,0.041711791,0.531952667,N/A
9,221,15.44720965,95,65,1.069598121,1.061359164,0.789503894,1.07222557,0.040630756,0.034250933,0.008644981,0.045505817,0.540961293,N/A
10,274,15.53783455,118,65,1.077776773,1.072489877,0.780701941,1.063563827,0.04164975,0.035274232,0.007470321,0.048522938,0.548878782,N/A
11,49,10.28095238,46,271,1.108351962,1.049944665,0.773359685,1.057071976,0.035420706,0.039328325,0.008158022,0.051714202,0.554355007,Pigeon Coup
12,98,14.27687075,49,0,1.117120184,1.066949389,0.76644061,1.046846161,0.035801393,0.03980991,0.006213838,0.046330279,0.562064117,N/A
13,119,16.49635854,45,24,1.130265865,1.081931049,0.75640612,1.046544276,0.034496695,0.039431747,0.004601102,0.047603459,0.574425317,N/A
14,149,16.9,59,29,1.130548485,1.080940856,0.755550352,1.041028153,0.037656586,0.041107608,0.004802829,0.048697346,0.573977628,N/A
15,175,16.44,70,44,1.130943122,1.080886034,0.747284659,1.041252262,0.040043214,0.042477567,0.003760213,0.046121842,0.580426995,N/A
16,223,15.84992526,94,46,1.117541546,1.093915172,0.749139592,1.049782158,0.043443646,0.042835576,0.004474395,0.045921742,0.580441689,N/A
17,281,15.42087782,119,61,1.125844557,1.102099502,0.749655732,1.048918978,0.042870057,0.043328272,0.004530951,0.045996346,0.582820958,N/A
18,358,15.20139665,153,76,1.128941162,1.10848851,0.748775382,1.056371211,0.040219221,0.043473443,0.004034157,0.045199364,0.586522289,N/A
19,78,10.17521368,24,304,1.133015478,1.164000679,0.759305155,1.068286948,0.028314827,0.038229694,0.004839719,0.04408839,0.590944336,Fungus Takeover
20,134,15.15547264,56,0,1.123176285,1.154607213,0.757231953,1.066633185,0.030932262,0.037024304,0.004630098,0.046680307,0.588884585,N/A
21,155,15.23569892,66,45,1.126683187,1.145984483,0.758137113,1.075682168,0.028660277,0.03439963,0.005168106,0.053989418,0.588873223,N/A
22,196,15.62993197,82,41,1.118499903,1.154138295,0.760216235,1.061068384,0.030177715,0.035795994,0.005752865,0.056809245,0.584694447,N/A
23,260,15.59,119,55,1.113260416,1.141261769,0.762658505,1.062047883,0.030571965,0.037559879,0.005866253,0.059468216,0.579826147,N/A
24,322,14.9699793,137,75,1.118344697,1.141627556,0.767263064,1.068943107,0.030480198,0.038846506,0.00620565,0.059414169,0.578491788,N/A
25,415,14.97943775,179,86,1.111320455,1.137563961,0.764866241,1.068724599,0.032227101,0.039751953,0.006225444,0.05741381,0.578333628,N/A
26,537,15.01793917,232,110,1.116790498,1.136356826,0.760869872,1.070580788,0.032872017,0.039893064,0.005978957,0.056084412,0.582443548,N/A
27,120,11.67,39,456,1.105367257,1.150481523,0.757163584,1.10103867,0.035210493,0.036902394,0.004746243,0.055845644,0.591133809,Plague
28,218,16.38195719,98,0,1.110523623,1.150117564,0.75941307,1.106731875,0.03584778,0.038794187,0.005252056,0.055056811,0.591223792,N/A
29,265,14.83748428,121,74,1.119520843,1.131084596,0.758766728,1.093907742,0.036007868,0.042721277,0.005728201,0.058983938,0.587710392,N/A
30,351,15.41462488,154,68,1.125070045,1.122266097,0.758403318,1.080731016,0.035760922,0.045853147,0.006038219,0.057043772,0.585100668,N/A
31,458,14.89934498,205,98,1.133301149,1.116301816,0.75755938,1.062978643,0.034811977,0.046170766,0.005589837,0.05713768,0.583026967,N/A
32,599,14.76733445,269,128,1.139546276,1.107631003,0.754507712,1.059478121,0.03357914,0.047369416,0.004746507,0.059303866,0.584337813,N/A
33,801,14.9832293,355,153,1.138529859,1.0997393,0.756459378,1.058483019,0.034559483,0.04776025,0.005013274,0.059785481,0.581084682,N/A
34,1078,15.09969079,490,213,1.137704389,1.095123123,0.755628776,1.065274462,0.035094125,0.048158309,0.005045639,0.060805566,0.581961598,N/A
35,252,11.0228836,90,916,1.142303978,1.083105935,0.7541391,1.056212052,0.036174626,0.046734524,0.004802625,0.059058538,0.580197467,Typhoon
36,443,15.94853273,191,0,1.144752995,1.082811886,0.752387487,1.061123271,0.033750761,0.046295738,0.004473373,0.059058227,0.582800433,N/A
37,555,14.65855856,260,148,1.140391983,1.086714939,0.751481364,1.058525183,0.034013198,0.049855269,0.004662444,0.059606384,0.582960938,N/A
38,747,15.07010263,332,140,1.140260684,1.09639267,0.749596891,1.069706401,0.034062615,0.049356581,0.004571522,0.06143348,0.588113389,N/A
39,1028,14.85933852,489,208,1.140008879,1.098337572,0.753662653,1.082530923,0.034641692,0.049706228,0.005306243,0.063243157,0.587509077,N/A
40,1357,14.68710391,607,278,1.139430249,1.097287359,0.755190356,1.079411884,0.035588263,0.048575136,0.005605922,0.063103256,0.585482316,N/A
41,1816,14.77332966,814,355,1.138937155,1.096670943,0.755109463,1.078880936,0.036585847,0.048485087,0.005686142,0.063490561,0.585255374,N/A
42,2457,14.78677249,1117,476,1.141068632,1.102199858,0.75534775,1.077178084,0.037650758,0.048900251,0.005929852,0.062959841,0.586122365,N/A
43,558,10.59038232,189,2088,1.140994669,1.114254931,0.758071895,1.099686354,0.041125918,0.050104104,0.006634507,0.060134535,0.590082282,Plague
44,1016,16.04816273,458,0,1.139309238,1.115407995,0.753795845,1.100417723,0.042073179,0.049554992,0.005509857,0.059526919,0.593464836,N/A
45,1303,14.38176004,629,342,1.144829579,1.115750225,0.750538355,1.099565022,0.04272605,0.050628554,0.004756557,0.060240658,0.596930599,N/A
46,1795,14.37771588,850,358,1.142972386,1.117623111,0.75222382,1.101857544,0.042568367,0.050995575,0.005183281,0.060568762,0.596002228,N/A
47,2506,14.48789572,1155,444,1.142540039,1.117591235,0.751836144,1.095118568,0.04333185,0.051353494,0.00509929,0.061913191,0.595032108,N/A
48,3397,14.30545579,1560,669,1.137270352,1.11369253,0.752939103,1.095630872,0.045245749,0.05121488,0.005480391,0.063475114,0.592627609,N/A
49,4635,14.51349874,2089,851,1.134557982,1.113084512,0.752857547,1.095919402,0.045945378,0.051521031,0.005620625,0.06351987,0.592154857,N/A
50,6334,14.53641722,2885,1186,1.130247853,1.111300285,0.753849773,1.09211251,0.047188871,0.051782783,0.005757195,0.064110825,0.589624223,N/A
51,1452,11.16260331,501,5383,1.122659949,1.098325952,0.756010269,1.087255929,0.047604723,0.051688341,0.005978294,0.066087265,0.583456242,Alien Invasion
52,2682,15.70960726,1230,0,1.120120831,1.097680109,0.753584535,1.0887603,0.047190249,0.052372051,0.005501526,0.065830423,0.585036995,N/A
53,3501,14.13373322,1704,885,1.11904536,1.093663569,0.753164466,1.087951199,0.047017762,0.051925079,0.005614068,0.066131524,0.584318614,N/A
54,4912,14.42911238,2299,888,1.115927605,1.091015109,0.751040823,1.088349317,0.046860974,0.052058767,0.005328941,0.065818246,0.585017827,N/A
55,6942,14.15806204,3292,1262,1.114829357,1.091413098,0.751367312,1.090749362,0.047144676,0.052517882,0.005287326,0.066375361,0.585065257,N/A
56,9672,14.03439826,4538,1808,1.114080956,1.092291627,0.752026456,1.090373795,0.047588541,0.052689632,0.00547314,0.067290173,0.584508936,N/A
57,494,13.69730094,853,10031,1.098255909,1.047471133,0.761046296,1.068135028,0.054834679,0.054580308,0.007357358,0.066118333,0.563060283,CRITICAL_OVERPOPULATION
58,634,13.2849632,304,164,1.100977434,1.042352763,0.762708242,1.071009947,0.054412984,0.054981864,0.008033451,0.063987694,0.561916946,N/A
59,905,14.56626151,397,126,1.096236207,1.033657715,0.757753889,1.065737797,0.054918104,0.05702092,0.007226074,0.064346432,0.562298967,N/A
60,1191,14.58415897,526,240,1.087642685,1.030947578,0.756241871,1.072908124,0.056610378,0.05675603,0.006889713,0.063771506,0.56269447,N/A
61,1586,15.11620429,698,303,1.090684507,1.030195609,0.757812846,1.073537268,0.05684583,0.056089865,0.007026237,0.064743945,0.562041565,N/A
62,2165,15.22843726,989,410,1.086581049,1.033591738,0.756340786,1.076907422,0.056386943,0.057608575,0.006646187,0.065563668,0.563604884,N/A
63,2987,14.93259681,1417,595,1.087634772,1.032744237,0.755277572,1.077056864,0.057174435,0.056988831,0.006500028,0.065777039,0.564461066,N/A
64,4169,14.46701047,1993,811,1.084020736,1.03366941,0.753714668,1.079438237,0.056707206,0.056246583,0.00605832,0.065588516,0.565577137,N/A
65,965,10.5802418,339,3543,1.08247179,1.030434975,0.757528142,1.094133218,0.056518169,0.057538262,0.007132175,0.0689614,0.564474516,Disease
66,1781,15.0884709,817,1,1.08223922,1.034689774,0.754989462,1.095229285,0.055976322,0.057165082,0.006580913,0.069649023,0.567276488,N/A
67,2225,14.36211236,1013,569,1.08371195,1.035051338,0.754863663,1.09562215,0.056475705,0.05678538,0.00663953,0.070677947,0.567764414,N/A
68,3125,15.25101867,1421,521,1.083945665,1.033593554,0.750673784,1.096079418,0.056514352,0.055587376,0.0060749,0.070992399,0.570797188,N/A
69,4404,14.8352634,2105,826,1.081732987,1.03623897,0.750350315,1.094399275,0.057275033,0.055957274,0.006072461,0.07142642,0.570821596,N/A
70,6142,14.33410398,2935,1197,1.081940865,1.03603424,0.750484162,1.093571024,0.057830082,0.056681611,0.006129528,0.071730083,0.570573201,N/A
71,8606,14.38047099,4099,1635,1.082020507,1.03738683,0.749936877,1.094192844,0.058140256,0.057106335,0.006214631,0.071876311,0.571354787,N/A
72,496,13.91041667,2765,10875,1.093759665,1.074662835,0.755574163,1.146710115,0.05699605,0.061171832,0.006807707,0.061827232,0.585008996,CRITICAL_OVERPOPULATION
73,648,13.5505144,311,159,1.091456168,1.066118768,0.756759075,1.149742644,0.057773144,0.059943857,0.007017775,0.061015385,0.582716074,N/A
74,932,14.75389843,410,126,1.083596374,1.064470061,0.752371146,1.159016553,0.056364305,0.060174158,0.00651109,0.061877531,0.586072979,N/A
75,1222,14.57681397,541,251,1.092109838,1.061977189,0.753037302,1.159711693,0.056604584,0.059431692,0.006407673,0.062504906,0.586743615,N/A
76,1649,15.01113806,739,312,1.088872142,1.067870491,0.752455656,1.159331153,0.056641132,0.059093596,0.00650467,0.0630269,0.587600303,N/A
77,2266,15.12402177,1041,424,1.085662685,1.065369794,0.751761317,1.154704804,0.057233923,0.059074627,0.006404842,0.064402938,0.586309725,N/A
78,3129,14.98624694,1486,623,1.082737247,1.063696263,0.750746742,1.15042722,0.056044928,0.058912696,0.006240453,0.065240973,0.585525592,N/A
79,4388,14.50701914,2116,857,1.077521723,1.06228309,0.750606034,1.14864556,0.055889464,0.059184188,0.006256615,0.06609105,0.584141387,N/A
80,1011,9.704451039,352,3729,1.078832388,1.062170833,0.74398591,1.142275983,0.055674309,0.057157693,0.004684029,0.064801761,0.588412435,Cat Judgement Day
81,1895,14.96337731,885,1,1.079453314,1.065469566,0.742329436,1.140313888,0.056481132,0.05663838,0.004547812,0.06423335,0.590077057,N/A
82,2414,14.06514775,1130,611,1.079456494,1.068772922,0.745058514,1.143813047,0.056140165,0.055245712,0.005123026,0.063627491,0.589133587,N/A
83,3434,15.09256455,1573,553,1.077345987,1.070797004,0.744317488,1.14667407,0.056742979,0.055406083,0.005177239,0.064054158,0.590217143,N/A
84,4903,14.72030729,2358,889,1.0771834,1.071325201,0.744292558,1.145666851,0.056653088,0.055255887,0.00526623,0.064072203,0.590121974,N/A
85,6904,14.25188297,3330,1329,1.074047773,1.072826464,0.745050345,1.147521303,0.056998569,0.054891235,0.005491743,0.064461771,0.589561151,N/A
86,9756,14.0570384,4621,1769,1.074131547,1.071118606,0.745367773,1.148723158,0.056914541,0.055087927,0.005551206,0.064805042,0.589234546,N/A
87,505,13.5439604,807,10058,1.08584957,1.084586445,0.760784213,1.165737068,0.053355419,0.058738391,0.007536125,0.054860423,0.584690205,CRITICAL_OVERPOPULATION
88,578,14.75265283,248,175,1.091179297,1.081910862,0.760369597,1.174986965,0.05264716,0.058218848,0.007562547,0.055283217,0.587096439,N/A
89,795,16.06708595,344,127,1.09054711,1.075649328,0.752677449,1.175893565,0.052495774,0.05778915,0.006098386,0.056539502,0.592035807,N/A
90,1086,14.84751381,519,228,1.097195,1.078813833,0.749267311,1.167853678,0.053030708,0.056974798,0.005483554,0.05973128,0.595045758,N/A
91,1483,14.26511576,699,302,1.102365981,1.074284364,0.749396882,1.167714075,0.052570599,0.058312342,0.00569529,0.061765409,0.595032174,N/A
92,2064,13.87437016,972,391,1.102766414,1.073193061,0.748968974,1.16494437,0.052286664,0.058871953,0.005977447,0.062847601,0.594756073,N/A
93,2849,13.79405639,1307,522,1.105065004,1.073808054,0.748869659,1.160942068,0.052882736,0.059278705,0.005979699,0.063043622,0.594641107,N/A
94,3918,13.91339969,1777,708,1.104842107,1.071796446,0.747853448,1.161427401,0.05237437,0.058940362,0.005703631,0.061701877,0.595137271,N/A
95,905,9.023977901,317,3330,1.103475234,1.07876623,0.751506671,1.16591792,0.050670356,0.058974055,0.007032358,0.060608007,0.594034982,Banana Peel Pandemic
96,1676,13.71690533,771,0,1.102476418,1.084825463,0.750259941,1.16959011,0.051383414,0.059025952,0.0067795,0.061410021,0.596574033,N/A
97,2047,13.60306139,897,526,1.096514141,1.078995545,0.750641304,1.167744547,0.051742819,0.05964524,0.006761751,0.063439255,0.593848525,N/A
98,2909,15.19306749,1288,426,1.09607103,1.088132462,0.746563092,1.165989083,0.052356708,0.060217412,0.005999521,0.06267882,0.598331672,N/A
99,3978,15.14213172,1840,771,1.095624497,1.086462457,0.746745796,1.163060231,0.052785426,0.060604086,0.005744244,0.063191274,0.597284413,N/A
100,5426,14.98779334,2563,1115,1.095171952,1.089908846,0.747122567,1.162571858,0.052899287,0.060010582,0.005806453,0.06299048,0.597430337,N/A
